{
  "model/models.js": 1710420009748,
  "Component.js": 1710420009740,
  "i18n/i18n.properties": 1710420039103,
  "controller/employee.controller.js": 1710420009756,
  "controller/App.controller.js": 1710420009756,
  "manifest.json": 1710421036103,
  "Component-preload.js": 1710421036242,
  "controller/employee-dbg.controller.js": 1710420009756,
  "model/models-dbg.js": 1710420009748,
  "controller/App-dbg.controller.js": 1710420009756,
  "Component-dbg.js": 1710420009740,
  "view/employee.view.xml": 1710420009756,
  "view/App.view.xml": 1710420009756,
  "css/style.css": 1710420009756,
  "index.html": 1710420009740
}